provinceId,province,districtId,district
an-giang,An Giang,an-giang-thanh-pho-long-xuyen,Thành phố Long Xuyên
an-giang,An Giang,an-giang-huyen-chau-thanh,Huyện Châu Thành
an-giang,An Giang,an-giang-huyen-thoai-son,Huyện Thoại Sơn
an-giang,An Giang,an-giang-huyen-tri-ton,Huyện Tri Tôn
an-giang,An Giang,an-giang-huyen-tinh-bien,Huyện Tịnh Biên
an-giang,An Giang,an-giang-thanh-pho-chau-doc,Thành phố Châu Đốc
an-giang,An Giang,an-giang-huyen-an-phu,Huyện An Phú
an-giang,An Giang,an-giang-huyen-tan-chau,Huyện Tân Châu
an-giang,An Giang,an-giang-huyen-phu-tan,Huyện Phú Tân
an-giang,An Giang,an-giang-huyen-cho-moi,Huyện Chợ Mới
an-giang,An Giang,an-giang-huyen-chau-phu,Huyện Châu Phú
ba-ria-vung-tau,Bà Rịa - Vũng Tàu,ba-ria-vung-tau-thanh-pho-vung-tau,Thành phố Vũng Tàu
ba-ria-vung-tau,Bà Rịa - Vũng Tàu,ba-ria-vung-tau-thanh-pho-ba-ria,Thành phố Bà Rịa
ba-ria-vung-tau,Bà Rịa - Vũng Tàu,ba-ria-vung-tau-tt-phu-my-cu,TT Phú Mỹ - cũ
ba-ria-vung-tau,Bà Rịa - Vũng Tàu,ba-ria-vung-tau-huyen-long-dien,Huyện Long Điền
ba-ria-vung-tau,Bà Rịa - Vũng Tàu,ba-ria-vung-tau-huyen-dat-do,Huyện Đất Đỏ
ba-ria-vung-tau,Bà Rịa - Vũng Tàu,ba-ria-vung-tau-huyen-xuyen-moc,Huyện Xuyên Mộc
ba-ria-vung-tau,Bà Rịa - Vũng Tàu,ba-ria-vung-tau-thi-xa-phu-my,Thị Xã Phú Mỹ
ba-ria-vung-tau,Bà Rịa - Vũng Tàu,ba-ria-vung-tau-huyen-chau-duc,Huyện Châu Đức
ba-ria-vung-tau,Bà Rịa - Vũng Tàu,ba-ria-vung-tau-huyen-dao-con-dao,Huyện đảo Côn Đảo
bac-giang,Bắc Giang,bac-giang-thanh-pho-bac-giang,Thành phố Bắc Giang
bac-giang,Bắc Giang,bac-giang-huyen-hiep-hoa,Huyện Hiệp Hòa
bac-giang,Bắc Giang,bac-giang-huyen-lang-giang,Huyện Lạng Giang
bac-giang,Bắc Giang,bac-giang-huyen-son-dong,Huyện Sơn Động
bac-giang,Bắc Giang,bac-giang-huyen-tan-yen,Huyện Tân Yên
bac-giang,Bắc Giang,bac-giang-huyen-viet-yen,Huyện Việt Yên
bac-giang,Bắc Giang,bac-giang-huyen-yen-dung,Huyện Yên Dũng
bac-giang,Bắc Giang,bac-giang-huyen-yen-the,Huyện Yên Thế
bac-giang,Bắc Giang,bac-giang-huyen-luc-nam,Huyện Lục Nam
bac-giang,Bắc Giang,bac-giang-huyen-luc-ngan,Huyện Lục Ngạn
bac-kan,Bắc Kạn,bac-kan-thanh-pho-bac-kan,Thành phố Bắc Kạn
bac-kan,Bắc Kạn,bac-kan-huyen-ba-be,Huyện Ba Bể
bac-kan,Bắc Kạn,bac-kan-huyen-bach-thong,Huyện Bạch Thông
bac-kan,Bắc Kạn,bac-kan-huyen-cho-don,Huyện Chợ Đồn
bac-kan,Bắc Kạn,bac-kan-huyen-cho-moi,Huyện Chợ Mới
bac-kan,Bắc Kạn,bac-kan-huyen-na-ri,Huyện Na Rì
bac-kan,Bắc Kạn,bac-kan-huyen-ngan-son,Huyện Ngân Sơn
bac-kan,Bắc Kạn,bac-kan-huyen-pac-nam,Huyện Pác Nặm
bac-lieu,Bạc Liêu,bac-lieu-thanh-pho-bac-lieu,Thành phố Bạc Liêu
bac-lieu,Bạc Liêu,bac-lieu-huyen-hoa-binh,Huyện Hòa Bình
bac-lieu,Bạc Liêu,bac-lieu-huyen-dong-hai,Huyện Đông Hải
bac-lieu,Bạc Liêu,bac-lieu-thi-xa-gia-rai,Thị Xã Giá Rai
bac-lieu,Bạc Liêu,bac-lieu-huyen-hong-dan,Huyện Hồng Dân
bac-lieu,Bạc Liêu,bac-lieu-huyen-phuoc-long,Huyện Phước Long
bac-lieu,Bạc Liêu,bac-lieu-huyen-vinh-loi,Huyện Vĩnh Lợi
bac-ninh,Bắc Ninh,bac-ninh-thanh-pho-bac-ninh,Thành phố Bắc Ninh
bac-ninh,Bắc Ninh,bac-ninh-huyen-que-vo,Huyện Quế Võ
bac-ninh,Bắc Ninh,bac-ninh-huyen-tien-du,Huyện Tiên Du
bac-ninh,Bắc Ninh,bac-ninh-thi-xa-tu-son,Thị xã Từ Sơn
bac-ninh,Bắc Ninh,bac-ninh-huyen-gia-binh,Huyện Gia Bình
bac-ninh,Bắc Ninh,bac-ninh-huyen-thuan-thanh,Huyện Thuận Thành
bac-ninh,Bắc Ninh,bac-ninh-huyen-yen-phong,Huyện Yên Phong
bac-ninh,Bắc Ninh,bac-ninh-huyen-luong-tai,Huyện Lương Tài
ben-tre,Bến Tre,ben-tre-thanh-pho-ben-tre,Thành phố Bến Tre
ben-tre,Bến Tre,ben-tre-huyen-chau-thanh,Huyện Châu Thành
ben-tre,Bến Tre,ben-tre-huyen-ba-tri,Huyện Ba Tri
ben-tre,Bến Tre,ben-tre-huyen-binh-dai,Huyện Bình Đại
ben-tre,Bến Tre,ben-tre-huyen-giong-trom,Huyện Giồng Trôm
ben-tre,Bến Tre,ben-tre-huyen-mo-cay-bac,Huyện Mỏ Cày Bắc
ben-tre,Bến Tre,ben-tre-huyen-mo-cay-nam,Huyện Mỏ Cày Nam
ben-tre,Bến Tre,ben-tre-huyen-thanh-phu,Huyện Thạnh Phú
ben-tre,Bến Tre,ben-tre-huyen-cho-lach,Huyện Chợ Lách
binh-dinh,Bình Định,binh-dinh-thanh-pho-quy-nhon,Thành phố Quy Nhơn
binh-dinh,Bình Định,binh-dinh-thi-xa-an-nhon,Thị xã An Nhơn
binh-dinh,Bình Định,binh-dinh-huyen-phu-cat,Huyện Phù Cát
binh-dinh,Bình Định,binh-dinh-thi-xa-hoai-nhon,Thị xã Hoài Nhơn
binh-dinh,Bình Định,binh-dinh-huyen-an-lao,Huyện An Lão
binh-dinh,Bình Định,binh-dinh-huyen-tuy-phuoc,Huyện Tuy Phước
binh-dinh,Bình Định,binh-dinh-huyen-hoai-an,Huyện Hoài Ân
binh-dinh,Bình Định,binh-dinh-huyen-vinh-thanh,Huyện Vĩnh Thạnh
binh-dinh,Bình Định,binh-dinh-huyen-phu-my,Huyện Phù Mỹ
binh-dinh,Bình Định,binh-dinh-huyen-tay-son,Huyện Tây Sơn
binh-dinh,Bình Định,binh-dinh-huyen-van-canh,Huyện Vân Canh
binh-duong,Bình Dương,binh-duong-thanh-pho-thu-dau-mot,Thành phố Thủ Dầu Một
binh-duong,Bình Dương,binh-duong-thanh-pho-di-an,Thành phố Dĩ An
binh-duong,Bình Dương,binh-duong-thanh-pho-thuan-an,Thành phố Thuận An
binh-duong,Bình Dương,binh-duong-thi-xa-tan-uyen,Thị xã Tân Uyên
binh-duong,Bình Dương,binh-duong-thi-xa-ben-cat,Thị xã Bến Cát
binh-duong,Bình Dương,binh-duong-huyen-dau-tieng,Huyện Dầu Tiếng
binh-duong,Bình Dương,binh-duong-huyen-phu-giao,Huyện Phú Giáo
binh-duong,Bình Dương,binh-duong-huyen-bau-bang,Huyện Bàu Bàng
binh-duong,Bình Dương,binh-duong-huyen-bac-tan-uyen,Huyện Bắc Tân Uyên
binh-phuoc,Bình Phước,binh-phuoc-thanh-pho-dong-xoai,Thành phố Đồng Xoài
binh-phuoc,Bình Phước,binh-phuoc-huyen-dong-phu,Huyện Đồng Phú
binh-phuoc,Bình Phước,binh-phuoc-huyen-chon-thanh,Huyện Chơn Thành
binh-phuoc,Bình Phước,binh-phuoc-huyen-hon-quan,Huyện Hớn Quản
binh-phuoc,Bình Phước,binh-phuoc-thi-xa-binh-long,Thị xã Bình Long
binh-phuoc,Bình Phước,binh-phuoc-thi-xa-phuoc-long,Thị xã Phước Long
binh-phuoc,Bình Phước,binh-phuoc-huyen-bu-dang,Huyện Bù Đăng
binh-phuoc,Bình Phước,binh-phuoc-huyen-loc-ninh,Huyện Lộc Ninh
binh-phuoc,Bình Phước,binh-phuoc-huyen-bu-dop,Huyện Bù Đốp
binh-phuoc,Bình Phước,binh-phuoc-huyen-bu-gia-map,Huyện Bù Gia Mập
binh-phuoc,Bình Phước,binh-phuoc-huyen-phu-rieng,Huyện Phú Riềng
binh-thuan,Bình Thuận,binh-thuan-thanh-pho-phan-thiet,Thành phố Phan Thiết
binh-thuan,Bình Thuận,binh-thuan-huyen-ham-thuan-nam,Huyện Hàm Thuận Nam
binh-thuan,Bình Thuận,binh-thuan-huyen-ham-thuan-bac,Huyện Hàm Thuận Bắc
binh-thuan,Bình Thuận,binh-thuan-thi-xa-la-gi,Thị xã La Gi
binh-thuan,Bình Thuận,binh-thuan-huyen-duc-linh,Huyện Đức Linh
binh-thuan,Bình Thuận,binh-thuan-huyen-bac-binh,Huyện Bắc Bình
binh-thuan,Bình Thuận,binh-thuan-huyen-tuy-phong,Huyện Tuy Phong
binh-thuan,Bình Thuận,binh-thuan-huyen-tanh-linh,Huyện Tánh Linh
binh-thuan,Bình Thuận,binh-thuan-huyen-dao-phu-quy,Huyện đảo Phú Quý
binh-thuan,Bình Thuận,binh-thuan-huyen-ham-tan,Huyện Hàm Tân
ca-mau,Cà Mau,ca-mau-thanh-pho-ca-mau,Thành phố Cà Mau
ca-mau,Cà Mau,ca-mau-huyen-thoi-binh,Huyện Thới Bình
ca-mau,Cà Mau,ca-mau-huyen-nam-can,Huyện Năm Căn
ca-mau,Cà Mau,ca-mau-huyen-phu-tan,Huyện Phú Tân
ca-mau,Cà Mau,ca-mau-huyen-cai-nuoc,Huyện Cái Nước
ca-mau,Cà Mau,ca-mau-huyen-dam-doi,Huyện Đầm Dơi
ca-mau,Cà Mau,ca-mau-huyen-tran-van-thoi,Huyện Trần Văn Thời
ca-mau,Cà Mau,ca-mau-huyen-u-minh,Huyện U Minh
ca-mau,Cà Mau,ca-mau-huyen-ngoc-hien,Huyện Ngọc Hiển
can-tho,Cần Thơ,can-tho-quan-ninh-kieu,Quận Ninh Kiều
can-tho,Cần Thơ,can-tho-quan-binh-thuy,Quận Bình Thủy
can-tho,Cần Thơ,can-tho-quan-cai-rang,Quận Cái Răng
can-tho,Cần Thơ,can-tho-quan-o-mon,Quận Ô Môn
can-tho,Cần Thơ,can-tho-quan-thot-not,Quận Thốt Nốt
can-tho,Cần Thơ,can-tho-huyen-co-do,Huyện Cờ Đỏ
can-tho,Cần Thơ,can-tho-huyen-phong-dien,Huyện Phong Điền
can-tho,Cần Thơ,can-tho-huyen-thoi-lai,Huyện Thới Lai
can-tho,Cần Thơ,can-tho-huyen-vinh-thanh,Huyện Vĩnh Thạnh
cao-bang,Cao Bằng,cao-bang-thanh-pho-cao-bang,Thành phố Cao Bằng
cao-bang,Cao Bằng,cao-bang-huyen-bao-lam,Huyện Bảo Lâm
cao-bang,Cao Bằng,cao-bang-huyen-ha-quang,Huyện Hà Quảng
cao-bang,Cao Bằng,cao-bang-huyen-hoa-an,Huyện Hòa An
cao-bang,Cao Bằng,cao-bang-huyen-phuc-hoa,Huyện Phục Hòa
cao-bang,Cao Bằng,cao-bang-huyen-trung-khanh,Huyện Trùng Khánh
cao-bang,Cao Bằng,cao-bang-huyen-bao-lac,Huyện Bảo Lạc
cao-bang,Cao Bằng,cao-bang-huyen-ha-lang,Huyện Hạ Lang
cao-bang,Cao Bằng,cao-bang-huyen-nguyen-binh,Huyện Nguyên Bình
cao-bang,Cao Bằng,cao-bang-huyen-quang-uyen,Huyện Quảng Uyên
cao-bang,Cao Bằng,cao-bang-huyen-thach-an,Huyện Thạch An
cao-bang,Cao Bằng,cao-bang-huyen-thong-nong,Huyện Thông Nông
cao-bang,Cao Bằng,cao-bang-huyen-tra-linh,Huyện Trà Lĩnh
cao-bang,Cao Bằng,cao-bang-huyen-quang-hoa,Huyện Quảng Hòa
da-nang,Đà Nẵng,da-nang-quan-hai-chau,Quận Hải Châu
da-nang,Đà Nẵng,da-nang-quan-thanh-khe,Quận Thanh Khê
da-nang,Đà Nẵng,da-nang-quan-son-tra,Quận Sơn Trà
da-nang,Đà Nẵng,da-nang-quan-ngu-hanh-son,Quận Ngũ Hành Sơn
da-nang,Đà Nẵng,da-nang-quan-lien-chieu,Quận Liên Chiểu
da-nang,Đà Nẵng,da-nang-quan-cam-le,Quận Cẩm Lệ
da-nang,Đà Nẵng,da-nang-huyen-hoa-vang,Huyện Hòa Vang
da-nang,Đà Nẵng,da-nang-huyen-dao-hoang-sa,Huyện đảo Hoàng Sa
da-nang,Đà Nẵng,da-nang-quan-dac-biet,Quận Đặc Biệt
dak-lak,Đắk Lắk,dak-lak-thanh-pho-buon-ma-thuot,Thành phố Buôn Ma Thuột
dak-lak,Đắk Lắk,dak-lak-huyen-buon-don,Huyện Buôn Ðôn
dak-lak,Đắk Lắk,dak-lak-huyen-cu-m-gar,Huyện Cư M gar
dak-lak,Đắk Lắk,dak-lak-huyen-ea-h-leo,Huyện Ea H leo
dak-lak,Đắk Lắk,dak-lak-huyen-krong-nang,Huyện Krông Năng
dak-lak,Đắk Lắk,dak-lak-thi-xa-buon-ho,Thị xã Buôn Hồ
dak-lak,Đắk Lắk,dak-lak-huyen-krong-bong,Huyện Krông Bông
dak-lak,Đắk Lắk,dak-lak-huyen-krong-ana,Huyện Krông Ana
dak-lak,Đắk Lắk,dak-lak-huyen-ea-kar,Huyện Ea Kar
dak-lak,Đắk Lắk,dak-lak-huyen-krong-pac,Huyện Krông Pắc
dak-lak,Đắk Lắk,dak-lak-huyen-ea-sup,Huyện Ea Súp
dak-lak,Đắk Lắk,dak-lak-huyen-krong-buk,Huyện Krông Búk
dak-lak,Đắk Lắk,dak-lak-huyen-cu-kuin,Huyện Cư Kuin
dak-lak,Đắk Lắk,dak-lak-huyen-lak,Huyện Lắk
dak-lak,Đắk Lắk,dak-lak-huyen-m-drak,Huyện M Đrắk
dak-nong,Đắk Nông,dak-nong-thanh-pho-gia-nghia,Thành phố Gia Nghĩa
dak-nong,Đắk Nông,dak-nong-huyen-dak-r-lap,Huyện Đắk R lấp
dak-nong,Đắk Nông,dak-nong-huyen-dak-glong,Huyện Đắk Glong
dak-nong,Đắk Nông,dak-nong-huyen-dak-mil,Huyện Đắk Mil
dak-nong,Đắk Nông,dak-nong-huyen-dak-song,Huyện Đắk Song
dak-nong,Đắk Nông,dak-nong-huyen-krong-no,Huyện Krông Nô
dak-nong,Đắk Nông,dak-nong-huyen-tuy-duc,Huyện Tuy Đức
dak-nong,Đắk Nông,dak-nong-huyen-cu-jut,Huyện Cư Jút
dien-bien,Điện Biên,dien-bien-thanh-pho-dien-bien-phu,Thành phố Điện Biên Phủ
dien-bien,Điện Biên,dien-bien-huyen-dien-bien,Huyện Điện Biên
dien-bien,Điện Biên,dien-bien-huyen-muong-cha,Huyện Mường Chà
dien-bien,Điện Biên,dien-bien-huyen-muong-nhe,Huyện Mường Nhé
dien-bien,Điện Biên,dien-bien-huyen-tua-chua,Huyện Tủa Chùa
dien-bien,Điện Biên,dien-bien-huyen-tuan-giao,Huyện Tuần Giáo
dien-bien,Điện Biên,dien-bien-thi-xa-muong-lay,Thị xã Mường Lay
dien-bien,Điện Biên,dien-bien-huyen-dien-bien-dong,Huyện Điện Biên Đông
dien-bien,Điện Biên,dien-bien-huyen-muong-ang,Huyện Mường Ảng
dien-bien,Điện Biên,dien-bien-huyen-nam-po,Huyện Nậm Pồ
dong-nai,Đồng Nai,dong-nai-thanh-pho-bien-hoa,Thành phố Biên Hòa
dong-nai,Đồng Nai,dong-nai-huyen-trang-bom,Huyện Trảng Bom
dong-nai,Đồng Nai,dong-nai-thanh-pho-long-khanh,Thành phố Long Khánh
dong-nai,Đồng Nai,dong-nai-huyen-tan-phu,Huyện Tân Phú
dong-nai,Đồng Nai,dong-nai-huyen-long-thanh,Huyện Long Thành
dong-nai,Đồng Nai,dong-nai-huyen-dinh-quan,Huyện Định Quán
dong-nai,Đồng Nai,dong-nai-huyen-cam-my,Huyện Cẩm Mỹ
dong-nai,Đồng Nai,dong-nai-huyen-xuan-loc,Huyện Xuân Lộc
dong-nai,Đồng Nai,dong-nai-huyen-thong-nhat,Huyện Thống Nhất
dong-nai,Đồng Nai,dong-nai-huyen-nhon-trach,Huyện Nhơn Trạch
dong-nai,Đồng Nai,dong-nai-huyen-vinh-cuu,Huyện Vĩnh Cửu
dong-thap,Đồng Tháp,dong-thap-thanh-pho-cao-lanh,Thành phố Cao Lãnh
dong-thap,Đồng Tháp,dong-thap-thanh-pho-sa-dec,Thành phố Sa Đéc
dong-thap,Đồng Tháp,dong-thap-huyen-cao-lanh,Huyện Cao Lãnh
dong-thap,Đồng Tháp,dong-thap-huyen-lai-vung,Huyện Lai Vung
dong-thap,Đồng Tháp,dong-thap-huyen-lap-vo,Huyện Lấp Vò
dong-thap,Đồng Tháp,dong-thap-huyen-tam-nong,Huyện Tam Nông
dong-thap,Đồng Tháp,dong-thap-huyen-tan-hong,Huyện Tân Hồng
dong-thap,Đồng Tháp,dong-thap-huyen-thanh-binh,Huyện Thanh Bình
dong-thap,Đồng Tháp,dong-thap-huyen-thap-muoi,Huyện Tháp Mười
dong-thap,Đồng Tháp,dong-thap-thi-xa-hong-ngu,Thị xã Hồng Ngự
dong-thap,Đồng Tháp,dong-thap-huyen-chau-thanh,Huyện Châu Thành
dong-thap,Đồng Tháp,dong-thap-thanh-pho-hong-ngu,Thành phố Hồng Ngự
gia-lai,Gia Lai,gia-lai-thanh-pho-pleiku,Thành phố Pleiku
gia-lai,Gia Lai,gia-lai-huyen-ia-grai,Huyện Ia Grai
gia-lai,Gia Lai,gia-lai-huyen-duc-co,Huyện Đức Cơ
gia-lai,Gia Lai,gia-lai-huyen-chu-prong,Huyện Chư Prông
gia-lai,Gia Lai,gia-lai-huyen-chu-se,Huyện Chư Sê
gia-lai,Gia Lai,gia-lai-huyen-phu-thien,Huyện Phú Thiện
gia-lai,Gia Lai,gia-lai-thi-xa-ayun-pa,Thị xã Ayun Pa
gia-lai,Gia Lai,gia-lai-huyen-ia-pa,Huyện Ia Pa
gia-lai,Gia Lai,gia-lai-thi-xa-an-khe,Thị xã An Khê
gia-lai,Gia Lai,gia-lai-huyen-chu-pah,Huyện Chư Păh
gia-lai,Gia Lai,gia-lai-huyen-chu-puh,Huyện Chư Pưh
gia-lai,Gia Lai,gia-lai-huyen-dak-doa,Huyện Đắk Đoa
gia-lai,Gia Lai,gia-lai-huyen-dak-po,Huyện Đắk Pơ
gia-lai,Gia Lai,gia-lai-huyen-kbang,Huyện Kbang
gia-lai,Gia Lai,gia-lai-huyen-kong-chro,Huyện Kông Chro
gia-lai,Gia Lai,gia-lai-huyen-krong-pa,Huyện Krông Pa
gia-lai,Gia Lai,gia-lai-huyen-mang-yang,Huyện Mang Yang
ha-giang,Hà Giang,ha-giang-thanh-pho-ha-giang,Thành phố Hà Giang
ha-giang,Hà Giang,ha-giang-huyen-bac-quang,Huyện Bắc Quang
ha-giang,Hà Giang,ha-giang-huyen-dong-van,Huyện Đồng Văn
ha-giang,Hà Giang,ha-giang-huyen-hoang-su-phi,Huyện Hoàng Su Phì
ha-giang,Hà Giang,ha-giang-huyen-meo-vac,Huyện Mèo Vạc
ha-giang,Hà Giang,ha-giang-huyen-quan-ba,Huyện Quản Bạ
ha-giang,Hà Giang,ha-giang-huyen-quang-binh,Huyện Quang Bình
ha-giang,Hà Giang,ha-giang-huyen-xin-man,Huyện Xín Mần
ha-giang,Hà Giang,ha-giang-huyen-yen-minh,Huyện Yên Minh
ha-giang,Hà Giang,ha-giang-huyen-bac-me,Huyện Bắc Mê
ha-giang,Hà Giang,ha-giang-huyen-vi-xuyen,Huyện Vị Xuyên
ha-nam,Hà Nam,ha-nam-thanh-pho-phu-ly,Thành phố Phủ Lý
ha-nam,Hà Nam,ha-nam-thi-xa-duy-tien,Thị xã Duy Tiên
ha-nam,Hà Nam,ha-nam-huyen-binh-luc,Huyện Bình Lục
ha-nam,Hà Nam,ha-nam-huyen-kim-bang,Huyện Kim Bảng
ha-nam,Hà Nam,ha-nam-huyen-ly-nhan,Huyện Lý Nhân
ha-nam,Hà Nam,ha-nam-huyen-thanh-liem,Huyện Thanh Liêm
ha-noi,Hà Nội,ha-noi-quan-bac-tu-liem,Quận Bắc Từ Liêm
ha-noi,Hà Nội,ha-noi-quan-ba-dinh,Quận Ba Đình
ha-noi,Hà Nội,ha-noi-quan-cau-giay,Quận Cầu Giấy
ha-noi,Hà Nội,ha-noi-quan-dong-da,Quận Đống Đa
ha-noi,Hà Nội,ha-noi-quan-hai-ba-trung,Quận Hai Bà Trưng
ha-noi,Hà Nội,ha-noi-quan-hoan-kiem,Quận Hoàn Kiếm
ha-noi,Hà Nội,ha-noi-quan-hoang-mai,Quận Hoàng Mai
ha-noi,Hà Nội,ha-noi-quan-long-bien,Quận Long Biên
ha-noi,Hà Nội,ha-noi-quan-tay-ho,Quận Tây Hồ
ha-noi,Hà Nội,ha-noi-quan-thanh-xuan,Quận Thanh Xuân
ha-noi,Hà Nội,ha-noi-quan-ha-dong,Quận Hà Đông
ha-noi,Hà Nội,ha-noi-huyen-me-linh,Huyện Mê Linh
ha-noi,Hà Nội,ha-noi-huyen-dong-anh,Huyện Đông Anh
ha-noi,Hà Nội,ha-noi-huyen-soc-son,Huyện Sóc Sơn
ha-noi,Hà Nội,ha-noi-huyen-gia-lam,Huyện Gia Lâm
ha-noi,Hà Nội,ha-noi-huyen-thanh-tri,Huyện Thanh Trì
ha-noi,Hà Nội,ha-noi-thi-xa-son-tay,Thị xã Sơn Tây
ha-noi,Hà Nội,ha-noi-huyen-ba-vi,Huyện Ba Vì
ha-noi,Hà Nội,ha-noi-huyen-dan-phuong,Huyện Đan Phượng
ha-noi,Hà Nội,ha-noi-huyen-hoai-duc,Huyện Hoài Đức
ha-noi,Hà Nội,ha-noi-huyen-my-duc,Huyện Mỹ Đức
ha-noi,Hà Nội,ha-noi-huyen-phuc-tho,Huyện Phúc Thọ
ha-noi,Hà Nội,ha-noi-huyen-thach-that,Huyện Thạch Thất
ha-noi,Hà Nội,ha-noi-huyen-thanh-oai,Huyện Thanh Oai
ha-noi,Hà Nội,ha-noi-huyen-ung-hoa,Huyện Ứng Hòa
ha-noi,Hà Nội,ha-noi-huyen-chuong-my,Huyện Chương Mỹ
ha-noi,Hà Nội,ha-noi-huyen-quoc-oai,Huyện Quốc Oai
ha-noi,Hà Nội,ha-noi-huyen-phu-xuyen,Huyện Phú Xuyên
ha-noi,Hà Nội,ha-noi-huyen-thuong-tin,Huyện Thường Tín
ha-noi,Hà Nội,ha-noi-quan-nam-tu-liem,Quận Nam Từ Liêm
ha-noi,Hà Nội,ha-noi-quan-dac-biet,Quận Đặc Biệt
ha-noi,Hà Nội,ha-noi-quan-vat-tu-hn,Quận Vật Tư HN
ha-tinh,Hà Tĩnh,ha-tinh-thanh-pho-ha-tinh,Thành phố Hà Tĩnh
ha-tinh,Hà Tĩnh,ha-tinh-huyen-ky-anh,Huyện Kỳ Anh
ha-tinh,Hà Tĩnh,ha-tinh-huyen-huong-khe,Huyện Hương Khê
ha-tinh,Hà Tĩnh,ha-tinh-huyen-nghi-xuan,Huyện Nghi Xuân
ha-tinh,Hà Tĩnh,ha-tinh-thi-xa-hong-linh,Thị xã Hồng Lĩnh
ha-tinh,Hà Tĩnh,ha-tinh-huyen-cam-xuyen,Huyện Cẩm Xuyên
ha-tinh,Hà Tĩnh,ha-tinh-huyen-thach-ha,Huyện Thạch Hà
ha-tinh,Hà Tĩnh,ha-tinh-huyen-can-loc,Huyện Can Lộc
ha-tinh,Hà Tĩnh,ha-tinh-huyen-duc-tho,Huyện Đức Thọ
ha-tinh,Hà Tĩnh,ha-tinh-huyen-huong-son,Huyện Hương Sơn
ha-tinh,Hà Tĩnh,ha-tinh-huyen-loc-ha,Huyện Lộc Hà
ha-tinh,Hà Tĩnh,ha-tinh-huyen-vu-quang,Huyện Vũ Quang
ha-tinh,Hà Tĩnh,ha-tinh-thi-xa-ky-anh,Thị xã Kỳ Anh
hai-duong,Hải Dương,hai-duong-thanh-pho-hai-duong,Thành phố Hải Dương
hai-duong,Hải Dương,hai-duong-huyen-nam-sach,Huyện Nam Sách
hai-duong,Hải Dương,hai-duong-huyen-binh-giang,Huyện Bình Giang
hai-duong,Hải Dương,hai-duong-huyen-cam-giang,Huyện Cẩm Giàng
hai-duong,Hải Dương,hai-duong-thi-xa-kinh-mon,Thị xã Kinh Môn
hai-duong,Hải Dương,hai-duong-huyen-gia-loc,Huyện Gia Lộc
hai-duong,Hải Dương,hai-duong-huyen-kim-thanh,Huyện Kim Thành
hai-duong,Hải Dương,hai-duong-thanh-pho-chi-linh,Thành phố Chí Linh
hai-duong,Hải Dương,hai-duong-huyen-ninh-giang,Huyện Ninh Giang
hai-duong,Hải Dương,hai-duong-huyen-tu-ky,Huyện Tứ Kỳ
hai-duong,Hải Dương,hai-duong-huyen-thanh-ha,Huyện Thanh Hà
hai-duong,Hải Dương,hai-duong-huyen-thanh-mien,Huyện Thanh Miện
hai-phong,Hải Phòng,hai-phong-quan-ngo-quyen,Quận Ngô Quyền
hai-phong,Hải Phòng,hai-phong-quan-le-chan,Quận Lê Chân
hai-phong,Hải Phòng,hai-phong-quan-hong-bang,Quận Hồng Bàng
hai-phong,Hải Phòng,hai-phong-quan-kien-an,Quận Kiến An
hai-phong,Hải Phòng,hai-phong-quan-hai-an,Quận Hải An
hai-phong,Hải Phòng,hai-phong-quan-duong-kinh,Quận Dương Kinh
hai-phong,Hải Phòng,hai-phong-quan-do-son,Quận Đồ Sơn
hai-phong,Hải Phòng,hai-phong-huyen-thuy-nguyen,Huyện Thủy Nguyên
hai-phong,Hải Phòng,hai-phong-huyen-an-duong,Huyện An Dương
hai-phong,Hải Phòng,hai-phong-huyen-an-lao,Huyện An Lão
hai-phong,Hải Phòng,hai-phong-huyen-tien-lang,Huyện Tiên Lãng
hai-phong,Hải Phòng,hai-phong-huyen-vinh-bao,Huyện Vĩnh Bảo
hai-phong,Hải Phòng,hai-phong-huyen-dao-bach-long-vi,Huyện đảo Bạch Long Vĩ
hai-phong,Hải Phòng,hai-phong-huyen-dao-cat-hai,Huyện đảo Cát Hải
hai-phong,Hải Phòng,hai-phong-huyen-kien-thuy,Huyện Kiến Thụy
hau-giang,Hậu Giang,hau-giang-thanh-pho-vi-thanh,Thành phố Vị Thanh
hau-giang,Hậu Giang,hau-giang-thanh-pho-nga-bay,Thành phố Ngã Bảy
hau-giang,Hậu Giang,hau-giang-huyen-phung-hiep,Huyện Phụng Hiệp
hau-giang,Hậu Giang,hau-giang-huyen-chau-thanh-a,Huyện Châu Thành A
hau-giang,Hậu Giang,hau-giang-huyen-vi-thuy,Huyện Vị Thuỷ
hau-giang,Hậu Giang,hau-giang-huyen-chau-thanh,Huyện Châu Thành
hau-giang,Hậu Giang,hau-giang-thi-xa-long-my,Thị xã Long Mỹ
hau-giang,Hậu Giang,hau-giang-huyen-long-my,Huyện Long Mỹ
ho-chi-minh,Hồ Chí Minh,ho-chi-minh-quan-1,Quận 1
ho-chi-minh,Hồ Chí Minh,ho-chi-minh-quan-2,Quận 2
ho-chi-minh,Hồ Chí Minh,ho-chi-minh-quan-3,Quận 3
ho-chi-minh,Hồ Chí Minh,ho-chi-minh-quan-4,Quận 4
ho-chi-minh,Hồ Chí Minh,ho-chi-minh-quan-5,Quận 5
ho-chi-minh,Hồ Chí Minh,ho-chi-minh-quan-6,Quận 6
ho-chi-minh,Hồ Chí Minh,ho-chi-minh-quan-7,Quận 7
ho-chi-minh,Hồ Chí Minh,ho-chi-minh-quan-8,Quận 8
ho-chi-minh,Hồ Chí Minh,ho-chi-minh-quan-9,Quận 9
ho-chi-minh,Hồ Chí Minh,ho-chi-minh-quan-10,Quận 10
ho-chi-minh,Hồ Chí Minh,ho-chi-minh-quan-11,Quận 11
ho-chi-minh,Hồ Chí Minh,ho-chi-minh-quan-12,Quận 12
ho-chi-minh,Hồ Chí Minh,ho-chi-minh-quan-tan-binh,Quận Tân Bình
ho-chi-minh,Hồ Chí Minh,ho-chi-minh-quan-tan-phu,Quận Tân Phú
ho-chi-minh,Hồ Chí Minh,ho-chi-minh-quan-phu-nhuan,Quận Phú Nhuận
ho-chi-minh,Hồ Chí Minh,ho-chi-minh-quan-binh-tan-update,Quận Bình Tân Update
ho-chi-minh,Hồ Chí Minh,ho-chi-minh-huyen-hoc-mon,Huyện Hóc Môn
ho-chi-minh,Hồ Chí Minh,ho-chi-minh-huyen-cu-chi,Huyện Củ Chi
ho-chi-minh,Hồ Chí Minh,ho-chi-minh-quan-go-vap,Quận Gò Vấp
ho-chi-minh,Hồ Chí Minh,ho-chi-minh-quan-binh-thanh,Quận Bình Thạnh
ho-chi-minh,Hồ Chí Minh,ho-chi-minh-quan-thu-duc,Quận Thủ Đức
ho-chi-minh,Hồ Chí Minh,ho-chi-minh-huyen-binh-chanh,Huyện Bình Chánh
ho-chi-minh,Hồ Chí Minh,ho-chi-minh-huyen-nha-be,Huyện Nhà Bè
ho-chi-minh,Hồ Chí Minh,ho-chi-minh-quan-dac-biet,Quận Đặc Biệt
ho-chi-minh,Hồ Chí Minh,ho-chi-minh-huyen-can-gio,Huyện Cần Giờ
ho-chi-minh,Hồ Chí Minh,ho-chi-minh-quan-dac-biet-dc,Quận Đặc Biệt DC
ho-chi-minh,Hồ Chí Minh,ho-chi-minh-quan-vat-tu-hcm,Quận Vật Tư HCM
ho-chi-minh,Hồ Chí Minh,ho-chi-minh-thanh-pho-thu-duc,Thành Phố Thủ Đức
ho-chi-minh,Hồ Chí Minh,ho-chi-minh-quan-test-1,Quận test 1
ho-chi-minh,Hồ Chí Minh,ho-chi-minh-quan-moi,Quận mới
hoa-binh,Hòa Bình,hoa-binh-thanh-pho-hoa-binh,Thành phố Hòa Bình
hoa-binh,Hòa Bình,hoa-binh-huyen-da-bac,Huyện Đà Bắc
hoa-binh,Hòa Bình,hoa-binh-huyen-ky-son,Huyện Kỳ Sơn
hoa-binh,Hòa Bình,hoa-binh-huyen-luong-son,Huyện Lương Sơn
hoa-binh,Hòa Bình,hoa-binh-huyen-tan-lac,Huyện Tân Lạc
hoa-binh,Hòa Bình,hoa-binh-huyen-cao-phong,Huyện Cao Phong
hoa-binh,Hòa Bình,hoa-binh-huyen-kim-boi,Huyện Kim Bôi
hoa-binh,Hòa Bình,hoa-binh-huyen-lac-son,Huyện Lạc Sơn
hoa-binh,Hòa Bình,hoa-binh-huyen-lac-thuy,Huyện Lạc Thủy
hoa-binh,Hòa Bình,hoa-binh-huyen-mai-chau,Huyện Mai Châu
hoa-binh,Hòa Bình,hoa-binh-huyen-yen-thuy,Huyện Yên Thủy
hung-yen,Hưng Yên,hung-yen-thanh-pho-hung-yen,Thành phố Hưng Yên
hung-yen,Hưng Yên,hung-yen-huyen-kim-dong,Huyện Kim Động
hung-yen,Hưng Yên,hung-yen-huyen-an-thi,Huyện Ân Thi
hung-yen,Hưng Yên,hung-yen-huyen-khoai-chau,Huyện Khoái Châu
hung-yen,Hưng Yên,hung-yen-thi-xa-my-hao,Thị xã Mỹ Hào
hung-yen,Hưng Yên,hung-yen-huyen-yen-my,Huyện Yên Mỹ
hung-yen,Hưng Yên,hung-yen-huyen-tien-lu,Huyện Tiên Lữ
hung-yen,Hưng Yên,hung-yen-huyen-van-giang,Huyện Văn Giang
hung-yen,Hưng Yên,hung-yen-huyen-van-lam,Huyện Văn Lâm
hung-yen,Hưng Yên,hung-yen-huyen-phu-cu,Huyện Phù Cừ
hung-yen,Hưng Yên,hung-yen-quan-dac-biet,Quận Đặc Biệt
khanh-hoa,Khánh Hòa,khanh-hoa-thanh-pho-nha-trang,Thành phố Nha Trang
khanh-hoa,Khánh Hòa,khanh-hoa-thanh-pho-cam-ranh,Thành phố Cam Ranh
khanh-hoa,Khánh Hòa,khanh-hoa-huyen-dien-khanh,Huyện Diên Khánh
khanh-hoa,Khánh Hòa,khanh-hoa-huyen-van-ninh,Huyện Vạn Ninh
khanh-hoa,Khánh Hòa,khanh-hoa-huyen-cam-lam,Huyện Cam Lâm
khanh-hoa,Khánh Hòa,khanh-hoa-thi-xa-ninh-hoa,Thị xã Ninh Hòa
khanh-hoa,Khánh Hòa,khanh-hoa-huyen-dao-truong-sa,Huyện đảo Trường Sa
khanh-hoa,Khánh Hòa,khanh-hoa-huyen-khanh-son,Huyện Khánh Sơn
khanh-hoa,Khánh Hòa,khanh-hoa-huyen-khanh-vinh,Huyện Khánh Vĩnh
kien-giang,Kiên Giang,kien-giang-thanh-pho-rach-gia,Thành phố Rạch Giá
kien-giang,Kiên Giang,kien-giang-huyen-chau-thanh,Huyện Châu Thành
kien-giang,Kiên Giang,kien-giang-huyen-hon-dat,Huyện Hòn Đất
kien-giang,Kiên Giang,kien-giang-huyen-tan-hiep,Huyện Tân Hiệp
kien-giang,Kiên Giang,kien-giang-huyen-giong-rieng,Huyện Giồng Riềng
kien-giang,Kiên Giang,kien-giang-huyen-an-bien,Huyện An Biên
kien-giang,Kiên Giang,kien-giang-huyen-kien-luong,Huyện Kiên Lương
kien-giang,Kiên Giang,kien-giang-thanh-pho-ha-tien,Thành phố Hà Tiên
kien-giang,Kiên Giang,kien-giang-huyen-dao-kien-hai,Huyện đảo Kiên Hải
kien-giang,Kiên Giang,kien-giang-thanh-pho-phu-quoc,Thành phố Phú Quốc
kien-giang,Kiên Giang,kien-giang-huyen-go-quao,Huyện Gò Quao
kien-giang,Kiên Giang,kien-giang-huyen-giang-thanh,Huyện Giang Thành
kien-giang,Kiên Giang,kien-giang-huyen-u-minh-thuong,Huyện U Minh Thượng
kien-giang,Kiên Giang,kien-giang-huyen-vinh-thuan,Huyện Vĩnh Thuận
kien-giang,Kiên Giang,kien-giang-huyen-an-minh,Huyện An Minh
kon-tum,Kon Tum,kon-tum-thanh-pho-kon-tum,Thành phố Kon Tum
kon-tum,Kon Tum,kon-tum-huyen-kon-plong,Huyện Kon Plông
kon-tum,Kon Tum,kon-tum-huyen-dak-ha,Huyện Đắk Hà
kon-tum,Kon Tum,kon-tum-huyen-dak-glei,Huyện Đắk Glei
kon-tum,Kon Tum,kon-tum-huyen-dak-to,Huyện Đắk Tô
kon-tum,Kon Tum,kon-tum-huyen-kon-ray,Huyện Kon Rẫy
kon-tum,Kon Tum,kon-tum-huyen-ngoc-hoi,Huyện Ngọc Hồi
kon-tum,Kon Tum,kon-tum-huyen-sa-thay,Huyện Sa Thầy
kon-tum,Kon Tum,kon-tum-huyen-tu-mo-rong,Huyện Tu Mơ Rông
kon-tum,Kon Tum,kon-tum-huyen-ia-h-drai,Huyện Ia H Drai
lai-chau,Lai Châu,lai-chau-thanh-pho-lai-chau,Thành phố Lai Châu
lai-chau,Lai Châu,lai-chau-huyen-muong-te,Huyện Mường Tè
lai-chau,Lai Châu,lai-chau-huyen-nam-nhun,Huyện Nậm Nhùn
lai-chau,Lai Châu,lai-chau-huyen-phong-tho,Huyện Phong Thổ
lai-chau,Lai Châu,lai-chau-huyen-sin-ho,Huyện Sìn Hồ
lai-chau,Lai Châu,lai-chau-huyen-tam-duong,Huyện Tam Đường
lai-chau,Lai Châu,lai-chau-huyen-tan-uyen,Huyện Tân Uyên
lai-chau,Lai Châu,lai-chau-huyen-than-uyen,Huyện Than Uyên
lam-dong,Lâm Đồng,lam-dong-thanh-pho-da-lat,Thành phố Đà Lạt
lam-dong,Lâm Đồng,lam-dong-huyen-don-duong,Huyện Đơn Dương
lam-dong,Lâm Đồng,lam-dong-huyen-duc-trong,Huyện Đức Trọng
lam-dong,Lâm Đồng,lam-dong-thanh-pho-bao-loc,Thành phố Bảo Lộc
lam-dong,Lâm Đồng,lam-dong-huyen-bao-lam,Huyện Bảo Lâm
lam-dong,Lâm Đồng,lam-dong-huyen-dam-rong,Huyện Đam Rông
lam-dong,Lâm Đồng,lam-dong-huyen-lac-duong,Huyện Lạc Dương
lam-dong,Lâm Đồng,lam-dong-huyen-lam-ha,Huyện Lâm Hà
lam-dong,Lâm Đồng,lam-dong-huyen-da-huoai,Huyện Đạ Huoai
lam-dong,Lâm Đồng,lam-dong-huyen-da-teh,Huyện Đạ Tẻh
lam-dong,Lâm Đồng,lam-dong-huyen-cat-tien,Huyện Cát Tiên
lam-dong,Lâm Đồng,lam-dong-huyen-di-linh,Huyện Di Linh
lang-son,Lạng Sơn,lang-son-thanh-pho-lang-son,Thành phố Lạng Sơn
lang-son,Lạng Sơn,lang-son-huyen-cao-loc,Huyện Cao Lộc
lang-son,Lạng Sơn,lang-son-huyen-huu-lung,Huyện Hữu Lũng
lang-son,Lạng Sơn,lang-son-huyen-loc-binh,Huyện Lộc Bình
lang-son,Lạng Sơn,lang-son-huyen-trang-dinh,Huyện Tràng Định
lang-son,Lạng Sơn,lang-son-huyen-bac-son,Huyện Bắc Sơn
lang-son,Lạng Sơn,lang-son-huyen-binh-gia,Huyện Bình Gia
lang-son,Lạng Sơn,lang-son-huyen-chi-lang,Huyện Chi Lăng
lang-son,Lạng Sơn,lang-son-huyen-dinh-lap,Huyện Đình Lập
lang-son,Lạng Sơn,lang-son-huyen-van-lang,Huyện Văn Lãng
lang-son,Lạng Sơn,lang-son-huyen-van-quan,Huyện Văn Quan
lao-cai,Lào Cai,lao-cai-thanh-pho-lao-cai,Thành phố Lào Cai
lao-cai,Lào Cai,lao-cai-huyen-bat-xat,Huyện Bát Xát
lao-cai,Lào Cai,lao-cai-huyen-bao-yen,Huyện Bảo Yên
lao-cai,Lào Cai,lao-cai-huyen-bac-ha,Huyện Bắc Hà
lao-cai,Lào Cai,lao-cai-thi-xa-sa-pa,Thị xã Sa Pa
lao-cai,Lào Cai,lao-cai-huyen-van-ban,Huyện Văn Bàn
lao-cai,Lào Cai,lao-cai-huyen-bao-thang,Huyện Bảo Thắng
lao-cai,Lào Cai,lao-cai-huyen-muong-khuong,Huyện Mường Khương
lao-cai,Lào Cai,lao-cai-huyen-xi-ma-cai,Huyện Xi Ma Cai
long-an,Long An,long-an-thanh-pho-tan-an,Thành phố Tân An
long-an,Long An,long-an-huyen-ben-luc,Huyện Bến Lức
long-an,Long An,long-an-huyen-can-duoc,Huyện Cần Đước
long-an,Long An,long-an-huyen-can-giuoc,Huyện Cần Giuộc
long-an,Long An,long-an-huyen-chau-thanh,Huyện Châu Thành
long-an,Long An,long-an-huyen-duc-hoa,Huyện Đức Hòa
long-an,Long An,long-an-huyen-tan-tru,Huyện Tân Trụ
long-an,Long An,long-an-huyen-thu-thua,Huyện Thủ Thừa
long-an,Long An,long-an-huyen-duc-hue,Huyện Đức Huệ
long-an,Long An,long-an-huyen-moc-hoa,Huyện Mộc Hóa
long-an,Long An,long-an-huyen-tan-hung,Huyện Tân Hưng
long-an,Long An,long-an-huyen-tan-thanh,Huyện Tân Thạnh
long-an,Long An,long-an-huyen-thanh-hoa,Huyện Thạnh Hóa
long-an,Long An,long-an-huyen-vinh-hung,Huyện Vĩnh Hưng
long-an,Long An,long-an-thi-xa-kien-tuong,Thị xã Kiến Tường
nam-dinh,Nam Định,nam-dinh-thanh-pho-nam-dinh,Thành phố Nam Định
nam-dinh,Nam Định,nam-dinh-huyen-hai-hau,Huyện Hải Hậu
nam-dinh,Nam Định,nam-dinh-huyen-y-yen,Huyện Ý Yên
nam-dinh,Nam Định,nam-dinh-huyen-my-loc,Huyện Mỹ Lộc
nam-dinh,Nam Định,nam-dinh-huyen-nam-truc,Huyện Nam Trực
nam-dinh,Nam Định,nam-dinh-huyen-giao-thuy,Huyện Giao Thủy
nam-dinh,Nam Định,nam-dinh-huyen-nghia-hung,Huyện Nghĩa Hưng
nam-dinh,Nam Định,nam-dinh-huyen-truc-ninh,Huyện Trực Ninh
nam-dinh,Nam Định,nam-dinh-huyen-vu-ban,Huyện Vụ Bản
nam-dinh,Nam Định,nam-dinh-huyen-xuan-truong,Huyện Xuân Trường
nghe-an,Nghệ An,nghe-an-thanh-pho-vinh,Thành phố Vinh
nghe-an,Nghệ An,nghe-an-thi-xa-cua-lo,Thị xã Cửa Lò
nghe-an,Nghệ An,nghe-an-huyen-do-luong,Huyện Đô Lương
nghe-an,Nghệ An,nghe-an-huyen-anh-son,Huyện Anh Sơn
nghe-an,Nghệ An,nghe-an-huyen-tan-ky,Huyện Tân Kỳ
nghe-an,Nghệ An,nghe-an-huyen-yen-thanh,Huyện Yên Thành
nghe-an,Nghệ An,nghe-an-huyen-dien-chau,Huyện Diễn Châu
nghe-an,Nghệ An,nghe-an-huyen-quynh-luu,Huyện Quỳnh Lưu
nghe-an,Nghệ An,nghe-an-thi-xa-hoang-mai,Thị xã Hoàng Mai
nghe-an,Nghệ An,nghe-an-thi-xa-thai-hoa,Thị xã Thái Hòa
nghe-an,Nghệ An,nghe-an-huyen-nghia-dan,Huyện Nghĩa Đàn
nghe-an,Nghệ An,nghe-an-huyen-quy-hop,Huyện Quỳ Hợp
nghe-an,Nghệ An,nghe-an-huyen-con-cuong,Huyện Con Cuông
nghe-an,Nghệ An,nghe-an-huyen-nghi-loc,Huyện Nghi Lộc
nghe-an,Nghệ An,nghe-an-huyen-hung-nguyen,Huyện Hưng Nguyên
nghe-an,Nghệ An,nghe-an-huyen-ky-son,Huyện Kỳ Sơn
nghe-an,Nghệ An,nghe-an-huyen-nam-dan,Huyện Nam Đàn
nghe-an,Nghệ An,nghe-an-huyen-que-phong,Huyện Quế Phong
nghe-an,Nghệ An,nghe-an-huyen-quy-chau,Huyện Quỳ Châu
nghe-an,Nghệ An,nghe-an-huyen-tuong-duong,Huyện Tương Dương
nghe-an,Nghệ An,nghe-an-huyen-thanh-chuong,Huyện Thanh Chương
ninh-binh,Ninh Bình,ninh-binh-thanh-pho-ninh-binh,Thành phố Ninh Bình
ninh-binh,Ninh Bình,ninh-binh-thanh-pho-tam-diep,Thành phố Tam Điệp
ninh-binh,Ninh Bình,ninh-binh-huyen-yen-khanh,Huyện Yên Khánh
ninh-binh,Ninh Bình,ninh-binh-huyen-hoa-lu,Huyện Hoa Lư
ninh-binh,Ninh Bình,ninh-binh-huyen-gia-vien,Huyện Gia Viễn
ninh-binh,Ninh Bình,ninh-binh-huyen-kim-son,Huyện Kim Sơn
ninh-binh,Ninh Bình,ninh-binh-huyen-nho-quan,Huyện Nho Quan
ninh-binh,Ninh Bình,ninh-binh-huyen-yen-mo,Huyện Yên Mô
ninh-thuan,Ninh Thuận,ninh-thuan-thanh-pho-phan-rang-thap-cham,Thành phố Phan Rang – Tháp Chàm
ninh-thuan,Ninh Thuận,ninh-thuan-huyen-ninh-son,Huyện Ninh Sơn
ninh-thuan,Ninh Thuận,ninh-thuan-huyen-ninh-hai,Huyện Ninh Hải
ninh-thuan,Ninh Thuận,ninh-thuan-huyen-ninh-phuoc,Huyện Ninh Phước
ninh-thuan,Ninh Thuận,ninh-thuan-huyen-bac-ai,Huyện Bác Ái
ninh-thuan,Ninh Thuận,ninh-thuan-huyen-thuan-bac,Huyện Thuận Bắc
ninh-thuan,Ninh Thuận,ninh-thuan-huyen-thuan-nam,Huyện Thuận Nam
phu-tho,Phú Thọ,phu-tho-thanh-pho-viet-tri,Thành phố Việt Trì
phu-tho,Phú Thọ,phu-tho-huyen-cam-khe,Huyện Cẩm Khê
phu-tho,Phú Thọ,phu-tho-huyen-doan-hung,Huyện Đoan Hùng
phu-tho,Phú Thọ,phu-tho-huyen-ha-hoa,Huyện Hạ Hòa
phu-tho,Phú Thọ,phu-tho-huyen-lam-thao,Huyện Lâm Thao
phu-tho,Phú Thọ,phu-tho-huyen-phu-ninh,Huyện Phù Ninh
phu-tho,Phú Thọ,phu-tho-huyen-tan-son,Huyện Tân Sơn
phu-tho,Phú Thọ,phu-tho-huyen-thanh-son,Huyện Thanh Sơn
phu-tho,Phú Thọ,phu-tho-thi-xa-phu-tho,Thị xã Phú Thọ
phu-tho,Phú Thọ,phu-tho-huyen-thanh-thuy,Huyện Thanh Thủy
phu-tho,Phú Thọ,phu-tho-huyen-yen-lap,Huyện Yên Lập
phu-tho,Phú Thọ,phu-tho-huyen-tam-nong,Huyện Tam Nông
phu-tho,Phú Thọ,phu-tho-huyen-thanh-ba,Huyện Thanh Ba
phu-yen,Phú Yên,phu-yen-thanh-pho-tuy-hoa,Thành phố Tuy Hòa
phu-yen,Phú Yên,phu-yen-thi-xa-song-cau,Thị Xã Sông Cầu
phu-yen,Phú Yên,phu-yen-huyen-phu-hoa,Huyện Phú Hòa
phu-yen,Phú Yên,phu-yen-huyen-song-hinh,Huyện Sông Hinh
phu-yen,Phú Yên,phu-yen-huyen-son-hoa,Huyện Sơn Hòa
phu-yen,Phú Yên,phu-yen-thi-xa-dong-hoa,Thị xã Đông Hòa
phu-yen,Phú Yên,phu-yen-huyen-dong-xuan,Huyện Đồng Xuân
phu-yen,Phú Yên,phu-yen-huyen-tay-hoa,Huyện Tây Hòa
phu-yen,Phú Yên,phu-yen-huyen-tuy-an,Huyện Tuy An
quang-binh,Quảng Bình,quang-binh-thanh-pho-dong-hoi,Thành phố Đồng Hới
quang-binh,Quảng Bình,quang-binh-huyen-le-thuy,Huyện Lệ Thủy
quang-binh,Quảng Bình,quang-binh-huyen-bo-trach,Huyện Bố Trạch
quang-binh,Quảng Bình,quang-binh-thi-xa-ba-don,Thị xã Ba Đồn
quang-binh,Quảng Bình,quang-binh-huyen-quang-ninh,Huyện Quảng Ninh
quang-binh,Quảng Bình,quang-binh-huyen-minh-hoa,Huyện Minh Hóa
quang-binh,Quảng Bình,quang-binh-huyen-quang-trach,Huyện Quảng Trạch
quang-binh,Quảng Bình,quang-binh-huyen-tuyen-hoa,Huyện Tuyên Hóa
quang-nam,Quảng Nam,quang-nam-thanh-pho-tam-ky,Thành phố Tam Kỳ
quang-nam,Quảng Nam,quang-nam-thanh-pho-hoi-an,Thành phố Hội An
quang-nam,Quảng Nam,quang-nam-huyen-duy-xuyen,Huyện Duy Xuyên
quang-nam,Quảng Nam,quang-nam-thi-xa-dien-ban,Thị xã Điện Bàn
quang-nam,Quảng Nam,quang-nam-huyen-dai-loc,Huyện Đại Lộc
quang-nam,Quảng Nam,quang-nam-huyen-nui-thanh,Huyện Núi Thành
quang-nam,Quảng Nam,quang-nam-huyen-phu-ninh,Huyện Phú Ninh
quang-nam,Quảng Nam,quang-nam-huyen-que-son,Huyện Quế Sơn
quang-nam,Quảng Nam,quang-nam-huyen-bac-tra-my,Huyện Bắc Trà My
quang-nam,Quảng Nam,quang-nam-huyen-dong-giang,Huyện Đông Giang
quang-nam,Quảng Nam,quang-nam-huyen-hiep-duc,Huyện Hiệp Đức
quang-nam,Quảng Nam,quang-nam-huyen-nam-giang,Huyện Nam Giang
quang-nam,Quảng Nam,quang-nam-huyen-nam-tra-my,Huyện Nam Trà My
quang-nam,Quảng Nam,quang-nam-huyen-nong-son,Huyện Nông Sơn
quang-nam,Quảng Nam,quang-nam-huyen-phuoc-son,Huyện Phước Sơn
quang-nam,Quảng Nam,quang-nam-huyen-tay-giang,Huyện Tây Giang
quang-nam,Quảng Nam,quang-nam-huyen-tien-phuoc,Huyện Tiên Phước
quang-nam,Quảng Nam,quang-nam-huyen-thang-binh,Huyện Thăng Bình
quang-ngai,Quảng Ngãi,quang-ngai-thanh-pho-quang-ngai,Thành phố Quảng Ngãi
quang-ngai,Quảng Ngãi,quang-ngai-huyen-son-tinh,Huyện Sơn Tịnh
quang-ngai,Quảng Ngãi,quang-ngai-huyen-tu-nghia,Huyện Tư Nghĩa
quang-ngai,Quảng Ngãi,quang-ngai-huyen-binh-son,Huyện Bình Sơn
quang-ngai,Quảng Ngãi,quang-ngai-thi-xa-duc-pho,Thị xã Đức Phổ
quang-ngai,Quảng Ngãi,quang-ngai-huyen-nghia-hanh,Huyện Nghĩa Hành
quang-ngai,Quảng Ngãi,quang-ngai-huyen-dao-ly-son,Huyện đảo Lý Sơn
quang-ngai,Quảng Ngãi,quang-ngai-huyen-minh-long,Huyện Minh Long
quang-ngai,Quảng Ngãi,quang-ngai-huyen-son-ha,Huyện Sơn Hà
quang-ngai,Quảng Ngãi,quang-ngai-huyen-tay-tra,Huyện Tây Trà
quang-ngai,Quảng Ngãi,quang-ngai-huyen-ba-to,Huyện Ba Tơ
quang-ngai,Quảng Ngãi,quang-ngai-huyen-mo-duc,Huyện Mộ Đức
quang-ngai,Quảng Ngãi,quang-ngai-huyen-son-tay,Huyện Sơn Tây
quang-ngai,Quảng Ngãi,quang-ngai-huyen-tra-bong,Huyện Trà Bồng
quang-ninh,Quảng Ninh,quang-ninh-thanh-pho-mong-cai,Thành phố Móng Cái
quang-ninh,Quảng Ninh,quang-ninh-thanh-pho-ha-long,Thành phố Hạ Long
quang-ninh,Quảng Ninh,quang-ninh-thanh-pho-cam-pha,Thành phố Cẩm Phả
quang-ninh,Quảng Ninh,quang-ninh-thanh-pho-uong-bi,Thành phố Uông Bí
quang-ninh,Quảng Ninh,quang-ninh-huyen-binh-lieu,Huyện Bình Liêu
quang-ninh,Quảng Ninh,quang-ninh-huyen-dao-van-don,Huyện đảo Vân Đồn
quang-ninh,Quảng Ninh,quang-ninh-huyen-hai-ha,Huyện Hải Hà
quang-ninh,Quảng Ninh,quang-ninh-huyen-tien-yen,Huyện Tiên Yên
quang-ninh,Quảng Ninh,quang-ninh-thi-xa-quang-yen,Thị xã Quảng Yên
quang-ninh,Quảng Ninh,quang-ninh-huyen-dao-co-to,Huyện đảo Cô Tô
quang-ninh,Quảng Ninh,quang-ninh-huyen-ba-che,Huyện Ba Chẽ
quang-ninh,Quảng Ninh,quang-ninh-huyen-dam-ha,Huyện Đầm Hà
quang-ninh,Quảng Ninh,quang-ninh-thi-xa-dong-trieu,Thị xã Đông Triều
quang-ninh,Quảng Ninh,quang-ninh-huyen-hoanh-bo,Huyện Hoành Bồ
quang-tri,Quảng Trị,quang-tri-thanh-pho-dong-ha,Thành phố Đông Hà
quang-tri,Quảng Trị,quang-tri-thi-xa-quang-tri,Thị xã Quảng Trị
quang-tri,Quảng Trị,quang-tri-huyen-huong-hoa,Huyện Hướng Hóa
quang-tri,Quảng Trị,quang-tri-huyen-vinh-linh,Huyện Vĩnh Linh
quang-tri,Quảng Trị,quang-tri-huyen-cam-lo,Huyện Cam Lộ
quang-tri,Quảng Trị,quang-tri-huyen-gio-linh,Huyện Gio Linh
quang-tri,Quảng Trị,quang-tri-huyen-trieu-phong,Huyện Triệu Phong
quang-tri,Quảng Trị,quang-tri-huyen-da-krong,Huyện Đa Krông
quang-tri,Quảng Trị,quang-tri-huyen-dao-con-co,Huyện đảo Cồn Cỏ
quang-tri,Quảng Trị,quang-tri-huyen-hai-lang,Huyện Hải Lăng
soc-trang,Sóc Trăng,soc-trang-thanh-pho-soc-trang,Thành phố Sóc Trăng
soc-trang,Sóc Trăng,soc-trang-huyen-my-xuyen,Huyện Mỹ Xuyên
soc-trang,Sóc Trăng,soc-trang-huyen-chau-thanh,Huyện Châu Thành
soc-trang,Sóc Trăng,soc-trang-huyen-ke-sach,Huyện Kế Sách
soc-trang,Sóc Trăng,soc-trang-huyen-tran-de,Huyện Trần Đề
soc-trang,Sóc Trăng,soc-trang-thi-xa-nga-nam,Thị xã Ngã Năm
soc-trang,Sóc Trăng,soc-trang-huyen-cu-lao-dung,Huyện Cù Lao Dung
soc-trang,Sóc Trăng,soc-trang-huyen-long-phu,Huyện Long Phú
soc-trang,Sóc Trăng,soc-trang-huyen-my-tu,Huyện Mỹ Tú
soc-trang,Sóc Trăng,soc-trang-huyen-thanh-tri,Huyện Thạnh Trị
soc-trang,Sóc Trăng,soc-trang-thi-xa-vinh-chau,Thị xã Vĩnh Châu
son-la,Sơn La,son-la-thanh-pho-son-la,Thành phố Sơn La
son-la,Sơn La,son-la-huyen-mai-son,Huyện Mai Sơn
son-la,Sơn La,son-la-huyen-moc-chau,Huyện Mộc Châu
son-la,Sơn La,son-la-huyen-phu-yen,Huyện Phù Yên
son-la,Sơn La,son-la-huyen-song-ma,Huyện Sông Mã
son-la,Sơn La,son-la-huyen-thuan-chau,Huyện Thuận Châu
son-la,Sơn La,son-la-huyen-bac-yen,Huyện Bắc Yên
son-la,Sơn La,son-la-huyen-quynh-nhai,Huyện Quỳnh Nhai
son-la,Sơn La,son-la-huyen-van-ho,Huyện Vân Hồ
son-la,Sơn La,son-la-huyen-yen-chau,Huyện Yên Châu
son-la,Sơn La,son-la-huyen-muong-la,Huyện Mường La
son-la,Sơn La,son-la-huyen-sop-cop,huyện Sốp Cộp
tay-ninh,Tây Ninh,tay-ninh-thanh-pho-tay-ninh,Thành phố Tây Ninh
tay-ninh,Tây Ninh,tay-ninh-huyen-chau-thanh,Huyện Châu Thành
tay-ninh,Tây Ninh,tay-ninh-thi-xa-hoa-thanh,Thị xã Hòa Thành
tay-ninh,Tây Ninh,tay-ninh-huyen-tan-bien,Huyện Tân Biên
tay-ninh,Tây Ninh,tay-ninh-huyen-tan-chau,Huyện Tân Châu
tay-ninh,Tây Ninh,tay-ninh-huyen-duong-minh-chau,Huyện Dương Minh Châu
tay-ninh,Tây Ninh,tay-ninh-huyen-ben-cau,Huyện Bến Cầu
tay-ninh,Tây Ninh,tay-ninh-huyen-go-dau,Huyện Gò Dầu
tay-ninh,Tây Ninh,tay-ninh-thi-xa-trang-bang,Thị xã Trảng Bàng
thai-binh,Thái Bình,thai-binh-thanh-pho-thai-binh,Thành phố Thái Bình
thai-binh,Thái Bình,thai-binh-huyen-dong-hung,Huyện Đông Hưng
thai-binh,Thái Bình,thai-binh-huyen-vu-thu,Huyện Vũ Thư
thai-binh,Thái Bình,thai-binh-huyen-hung-ha,Huyện Hưng Hà
thai-binh,Thái Bình,thai-binh-huyen-quynh-phu,Huyện Quỳnh Phụ
thai-binh,Thái Bình,thai-binh-huyen-thai-thuy,Huyện Thái Thụy
thai-binh,Thái Bình,thai-binh-huyen-kien-xuong,Huyện Kiến Xương
thai-binh,Thái Bình,thai-binh-huyen-tien-hai,Huyện Tiền Hải
thai-nguyen,Thái Nguyên,thai-nguyen-thanh-pho-thai-nguyen,Thành phố Thái Nguyên
thai-nguyen,Thái Nguyên,thai-nguyen-thanh-pho-song-cong,Thành Phố Sông Công
thai-nguyen,Thái Nguyên,thai-nguyen-huyen-dong-hy,Huyện Đồng Hỷ
thai-nguyen,Thái Nguyên,thai-nguyen-huyen-dai-tu,Huyện Đại Từ
thai-nguyen,Thái Nguyên,thai-nguyen-huyen-dinh-hoa,Huyện Định Hóa
thai-nguyen,Thái Nguyên,thai-nguyen-thi-xa-pho-yen,Thị xã Phổ Yên
thai-nguyen,Thái Nguyên,thai-nguyen-huyen-phu-binh,Huyện Phú Bình
thai-nguyen,Thái Nguyên,thai-nguyen-huyen-vo-nhai,Huyện Võ Nhai
thai-nguyen,Thái Nguyên,thai-nguyen-huyen-phu-luong,Huyện Phú Lương
thanh-hoa,Thanh Hóa,thanh-hoa-thanh-pho-thanh-hoa,Thành phố Thanh Hóa
thanh-hoa,Thanh Hóa,thanh-hoa-thanh-pho-sam-son,Thành phố Sầm Sơn
thanh-hoa,Thanh Hóa,thanh-hoa-huyen-quang-xuong,Huyện Quảng Xương
thanh-hoa,Thanh Hóa,thanh-hoa-huyen-hoang-hoa,Huyện Hoằng Hóa
thanh-hoa,Thanh Hóa,thanh-hoa-thi-xa-nghi-son,Thị Xã Nghi Sơn
thanh-hoa,Thanh Hóa,thanh-hoa-huyen-nhu-xuan,Huyện Như Xuân
thanh-hoa,Thanh Hóa,thanh-hoa-huyen-thuong-xuan,Huyện Thường Xuân
thanh-hoa,Thanh Hóa,thanh-hoa-huyen-tho-xuan,Huyện Thọ Xuân
thanh-hoa,Thanh Hóa,thanh-hoa-huyen-ngoc-lac,Huyện Ngọc Lặc
thanh-hoa,Thanh Hóa,thanh-hoa-huyen-yen-dinh,Huyện Yên Định
thanh-hoa,Thanh Hóa,thanh-hoa-thi-xa-bim-son,Thị xã Bỉm Sơn
thanh-hoa,Thanh Hóa,thanh-hoa-huyen-ha-trung,Huyện Hà Trung
thanh-hoa,Thanh Hóa,thanh-hoa-huyen-muong-lat,Huyện Mường Lát
thanh-hoa,Thanh Hóa,thanh-hoa-huyen-quan-hoa,Huyện Quan Hóa
thanh-hoa,Thanh Hóa,thanh-hoa-huyen-thach-thanh,Huyện Thạch Thành
thanh-hoa,Thanh Hóa,thanh-hoa-huyen-vinh-loc,Huyện Vĩnh Lộc
thanh-hoa,Thanh Hóa,thanh-hoa-huyen-dong-son,Huyện Đông Sơn
thanh-hoa,Thanh Hóa,thanh-hoa-huyen-hau-loc,Huyện Hậu Lộc
thanh-hoa,Thanh Hóa,thanh-hoa-huyen-quan-son,Huyện Quan Sơn
thanh-hoa,Thanh Hóa,thanh-hoa-huyen-ba-thuoc,Huyện Bá Thước
thanh-hoa,Thanh Hóa,thanh-hoa-huyen-nong-cong,Huyện Nông Cống
thanh-hoa,Thanh Hóa,thanh-hoa-huyen-nhu-thanh,Huyện Như Thanh
thanh-hoa,Thanh Hóa,thanh-hoa-huyen-trieu-son,Huyện Triệu Sơn
thanh-hoa,Thanh Hóa,thanh-hoa-huyen-cam-thuy,Huyện Cẩm Thủy
thanh-hoa,Thanh Hóa,thanh-hoa-huyen-lang-chanh,Huyện Lang Chánh
thanh-hoa,Thanh Hóa,thanh-hoa-huyen-nga-son,Huyện Nga Sơn
thanh-hoa,Thanh Hóa,thanh-hoa-huyen-thieu-hoa,Huyện Thiệu Hóa
thua-thien-hue,Thừa Thiên - Huế,thua-thien-hue-thanh-pho-hue,Thành phố Huế
thua-thien-hue,Thừa Thiên - Huế,thua-thien-hue-thi-xa-huong-tra,Thị xã Hương Trà
thua-thien-hue,Thừa Thiên - Huế,thua-thien-hue-thi-xa-huong-thuy,Thị xã Hương Thủy
thua-thien-hue,Thừa Thiên - Huế,thua-thien-hue-huyen-phu-vang,Huyện Phú Vang
thua-thien-hue,Thừa Thiên - Huế,thua-thien-hue-huyen-phu-loc,Huyện Phú Lộc
thua-thien-hue,Thừa Thiên - Huế,thua-thien-hue-huyen-a-luoi,Huyện A Lưới
thua-thien-hue,Thừa Thiên - Huế,thua-thien-hue-huyen-phong-dien,Huyện Phong Điền
thua-thien-hue,Thừa Thiên - Huế,thua-thien-hue-huyen-nam-dong,Huyện Nam Đông
thua-thien-hue,Thừa Thiên - Huế,thua-thien-hue-huyen-quang-dien,Huyện Quảng Điền
tien-giang,Tiền Giang,tien-giang-thanh-pho-my-tho,Thành phố Mỹ Tho
tien-giang,Tiền Giang,tien-giang-huyen-chau-thanh,Huyện Châu Thành
tien-giang,Tiền Giang,tien-giang-huyen-cho-gao,Huyện Chợ Gạo
tien-giang,Tiền Giang,tien-giang-huyen-cai-be,Huyện Cái Bè
tien-giang,Tiền Giang,tien-giang-huyen-go-cong-dong,Huyện Gò Công Đông
tien-giang,Tiền Giang,tien-giang-huyen-go-cong-tay,Huyện Gò Công Tây
tien-giang,Tiền Giang,tien-giang-thi-xa-cai-lay,Thị xã Cai Lậy
tien-giang,Tiền Giang,tien-giang-thi-xa-go-cong,Thị xã Gò Công
tien-giang,Tiền Giang,tien-giang-huyen-cai-lay,Huyện Cai Lậy
tien-giang,Tiền Giang,tien-giang-huyen-tan-phu-dong,Huyện Tân Phú Đông
tien-giang,Tiền Giang,tien-giang-huyen-tan-phuoc,Huyện Tân Phước
tra-vinh,Trà Vinh,tra-vinh-thanh-pho-tra-vinh,Thành phố Trà Vinh
tra-vinh,Trà Vinh,tra-vinh-huyen-cau-ngang,Huyện Cầu Ngang
tra-vinh,Trà Vinh,tra-vinh-huyen-chau-thanh,Huyện Châu Thành
tra-vinh,Trà Vinh,tra-vinh-huyen-tieu-can,Huyện Tiểu Cần
tra-vinh,Trà Vinh,tra-vinh-huyen-tra-cu,Huyện Trà Cú
tra-vinh,Trà Vinh,tra-vinh-huyen-cang-long,Huyện Càng Long
tra-vinh,Trà Vinh,tra-vinh-huyen-cau-ke,Huyện Cầu Kè
tra-vinh,Trà Vinh,tra-vinh-huyen-duyen-hai,Huyện Duyên Hải
tra-vinh,Trà Vinh,tra-vinh-thi-xa-duyen-hai,Thị xã Duyên Hải
tuyen-quang,Tuyên Quang,tuyen-quang-thanh-pho-tuyen-quang,Thành phố Tuyên Quang
tuyen-quang,Tuyên Quang,tuyen-quang-huyen-yen-son,Huyện Yên Sơn
tuyen-quang,Tuyên Quang,tuyen-quang-huyen-ham-yen,Huyện Hàm Yên
tuyen-quang,Tuyên Quang,tuyen-quang-huyen-lam-binh,Huyện Lâm Bình
tuyen-quang,Tuyên Quang,tuyen-quang-huyen-na-hang,Huyện Na Hang
tuyen-quang,Tuyên Quang,tuyen-quang-huyen-chiem-hoa,Huyện Chiêm Hóa
tuyen-quang,Tuyên Quang,tuyen-quang-huyen-son-duong,Huyện Sơn Dương
vinh-long,Vĩnh Long,vinh-long-thanh-pho-vinh-long,Thành phố Vĩnh Long
vinh-long,Vĩnh Long,vinh-long-huyen-long-ho,Huyện Long Hồ
vinh-long,Vĩnh Long,vinh-long-huyen-tam-binh,Huyện Tam Bình
vinh-long,Vĩnh Long,vinh-long-huyen-tra-on,Huyện Trà Ôn
vinh-long,Vĩnh Long,vinh-long-thi-xa-binh-minh,Thị xã Bình Minh
vinh-long,Vĩnh Long,vinh-long-huyen-binh-tan,Huyện Bình Tân
vinh-long,Vĩnh Long,vinh-long-huyen-mang-thit,Huyện Mang Thít
vinh-long,Vĩnh Long,vinh-long-huyen-vung-liem,Huyện Vũng Liêm
vinh-phuc,Vĩnh Phúc,vinh-phuc-thanh-pho-vinh-yen,Thành phố Vĩnh Yên
vinh-phuc,Vĩnh Phúc,vinh-phuc-huyen-binh-xuyen,Huyện Bình Xuyên
vinh-phuc,Vĩnh Phúc,vinh-phuc-huyen-vinh-tuong,Huyện Vĩnh Tường
vinh-phuc,Vĩnh Phúc,vinh-phuc-huyen-yen-lac,Huyện Yên Lạc
vinh-phuc,Vĩnh Phúc,vinh-phuc-huyen-lap-thach,Huyện Lập Thạch
vinh-phuc,Vĩnh Phúc,vinh-phuc-huyen-tam-duong,Huyện Tam Dương
vinh-phuc,Vĩnh Phúc,vinh-phuc-thanh-pho-phuc-yen,Thành phố Phúc Yên
vinh-phuc,Vĩnh Phúc,vinh-phuc-huyen-song-lo,Huyện Sông Lô
vinh-phuc,Vĩnh Phúc,vinh-phuc-huyen-tam-dao,Huyện Tam Đảo
yen-bai,Yên Bái,yen-bai-thanh-pho-yen-bai,Thành phố Yên Bái
yen-bai,Yên Bái,yen-bai-huyen-luc-yen,Huyện Lục Yên
yen-bai,Yên Bái,yen-bai-huyen-mu-cang-chai,Huyện Mù Cang Chải
yen-bai,Yên Bái,yen-bai-huyen-tran-yen,Huyện Trấn Yên
yen-bai,Yên Bái,yen-bai-huyen-van-chan,Huyện Văn Chấn
yen-bai,Yên Bái,yen-bai-huyen-van-yen,Huyện Văn Yên
yen-bai,Yên Bái,yen-bai-thi-xa-nghia-lo,Thị xã Nghĩa Lộ
yen-bai,Yên Bái,yen-bai-huyen-tram-tau,Huyện Trạm Tấu
yen-bai,Yên Bái,yen-bai-huyen-yen-binh,Huyện Yên Bình
